<keymap version="1" name="Windows Proper Redo" parent="$default">
  <action id="$Redo">
    <keyboard-shortcut first-keystroke="shift ctrl z" />
    <keyboard-shortcut first-keystroke="shift alt back_space" />
    <keyboard-shortcut first-keystroke="ctrl y" />
  </action>
  <action id="AceAction" />
  <action id="AceLineAction" />
  <action id="AceTargetAction" />
  <action id="EditorDeleteLine" />
  <action id="Replace">
    <keyboard-shortcut first-keystroke="ctrl h" />
  </action>
  <action id="TypeHierarchy" />
  <action id="TypeHierarchyBase.BaseOnThisType" />
</keymap>